<?xml version="1.0" encoding="UTF-8"?>
<project-private xmlns="http://www.netbeans.org/ns/project-private/1">
    <editor-bookmarks xmlns="http://www.netbeans.org/ns/editor-bookmarks/2" lastBookmarkId="0"/>
    <open-files xmlns="http://www.netbeans.org/ns/projectui-open-files/2">
        <group>
            <file>file:/C:/git/8.2/Guia9/Extra_2/src/extra_2/Extra_2.java</file>
            <file>file:/C:/git/8.2/Guia9/Extra_2/src/Servicios/AhorcadoServicio.java</file>
            <file>file:/C:/git/8.2/Guia9/Extra_2/src/Entidades/Ahorcado.java</file>
        </group>
        <group name="Guia9">
            <file>file:/C:/git/8.2/Guia9/Ahorcado/src/Entidades/Ahorcado.java</file>
        </group>
    </open-files>
</project-private>
