<?xml version="1.0" encoding="UTF-8"?>
<project-private xmlns="http://www.netbeans.org/ns/project-private/1">
    <editor-bookmarks xmlns="http://www.netbeans.org/ns/editor-bookmarks/2" lastBookmarkId="0"/>
    <open-files xmlns="http://www.netbeans.org/ns/projectui-open-files/2">
        <group name="Guia15">
            <file>file:/C:/git/8.2/Guia15/Ejercicio_1/src/tienda/Entidades/producto/ProductoServicios.java</file>
            <file>file:/C:/git/8.2/Guia15/Ejercicio_1/src/tienda/persistencia/ProductoDAO.java</file>
            <file>file:/C:/git/8.2/Guia15/Ejercicio_1/src/tienda/Tienda.java</file>
            <file>file:/C:/git/8.2/Guia15/Ejercicio_1/src/tienda/Entidades/fabricante/FabricanteServicios.java</file>
            <file>file:/C:/git/8.2/Guia15/Ejercicio_1/src/tienda/Entidades/producto/Producto.java</file>
            <file>file:/C:/git/8.2/Guia15/Ejercicio_1/src/tienda/Entidades/fabricante/Fabricante.java</file>
            <file>file:/C:/git/8.2/Guia15/Ejercicio_1/src/tienda/persistencia/DAO.java</file>
        </group>
    </open-files>
</project-private>
